id,name,contact,email,since
db82fc6b-1002-4ad5-ac95-43ac399d0bb3,Acme LLC,Cameron Martinez,acme.llc@example.com,2022-09-13
7b59bf60-64a0-4c41-a28f-bb5f991e96b9,Vertex Solutions,Jamie Smith,vertex.solutions@enterprise.local,2011-02-17
83ca25d2-90f6-47da-8deb-ed28bce28bee,Omni Systems,Drew Lee,omni.systems@business.io,2021-02-09
1affc2f8-7460-4ee7-a12c-3f345f45b43a,Vertex Systems,Riley Martinez,vertex.systems@example.com,2011-02-07
7e0a1c1a-77f2-499b-8fee-15af7be1fbd5,Apex Solutions,Sam Garcia,apex.solutions@example.com,2011-06-06
da7ad597-4e59-4f6d-9df2-80497964cc8c,Nexus LLC,Riley Anderson,nexus.llc@example.com,2016-08-18
e58a33e5-6ebd-4efa-b610-cfc402121acb,Vertex Systems,Jamie Wilson,vertex.systems@enterprise.local,2020-05-29
9ad8ac31-e8ea-4e87-b86c-b22492403fec,Acme Corp,Drew Lee,acme.corp@business.io,2015-08-18
843ad742-1c9e-41cc-b1ae-51a5d5169938,Acme Inc,Riley Smith,acme.inc@enterprise.local,2008-01-27
502c4d99-d740-464c-82ef-39b56be7b2bc,Nexus Inc,Drew Smith,nexus.inc@business.io,2010-05-21
40a5a988-4827-46fe-a319-bcc481014927,Nexus Inc,Drew Anderson,nexus.inc@example.com,2011-06-06
cbfe2ff6-e7ae-4a75-884c-ff58bdc1d343,Pioneer LLC,Drew Wilson,pioneer.llc@example.com,2021-06-07
c8711483-8191-4fdd-8050-80894b74bae9,Pioneer Solutions,Alex Johnson,pioneer.solutions@enterprise.local,2014-11-24
2626f9c7-c4a2-4617-bc9f-e827f0714221,Omni Corp,Taylor Anderson,omni.corp@example.com,2009-12-02
f6f4c330-d05e-4aa4-aa98-a8006997253c,Nexus Solutions,Sam Wilson,nexus.solutions@example.com,2010-11-17
f612d6e0-e446-4042-98b1-86a8e7f7e5cb,Nexus Solutions,Drew Smith,nexus.solutions@enterprise.local,2019-11-01
596f3360-dbe8-48d4-a6ba-2402c395190c,Apex Solutions,Taylor Wilson,apex.solutions@business.io,2023-06-22
95e5fca1-dd5a-4e5b-b906-9dd3ac9af42a,Omni Inc,Riley Martinez,omni.inc@enterprise.local,2019-08-10
ca721ea8-bd59-4798-bf14-e5c7064a1c1b,Vertex Corp,Taylor Brown,vertex.corp@example.com,2015-08-01
b759789e-267b-4880-b551-33ba8bf773dd,Acme Systems,Drew Brown,acme.systems@business.io,2012-12-09
447849ab-8271-4791-af99-dd02c8b88305,Acme Corp,Alex Brown,acme.corp@example.com,2008-09-14
f773074f-0fe5-4ff0-90f1-40b80d803426,Pioneer Corp,Drew Brown,pioneer.corp@enterprise.local,2023-01-02
f97f56cc-b19a-4008-8bf6-4aa2e92e26d9,Vertex LLC,Drew Smith,vertex.llc@business.io,2020-10-21
200d8243-0b22-436a-8f47-b104df03bf16,Apex Solutions,Taylor Lopez,apex.solutions@enterprise.local,2012-04-08
35b9442f-6973-46e3-a528-9c003e795b6a,Acme Corp,Riley Martinez,acme.corp@enterprise.local,2017-03-21
bb8891fc-d3fc-4360-ab5e-590d0b4c04b4,Vertex Corp,Sam Garcia,vertex.corp@enterprise.local,2024-05-01
f3de837f-2615-42c1-9cdc-436d895e2832,Pioneer Corp,Taylor Brown,pioneer.corp@example.com,2020-01-11
d99f6a24-9701-484a-8950-1c3c34a49b6a,Vertex LLC,Riley Smith,vertex.llc@enterprise.local,2018-05-17
70262d7b-95e5-4584-a0af-6addc0aaf30f,Omni Corp,Jamie Wilson,omni.corp@example.com,2009-02-18
c2553cb8-2d89-4407-bc37-b4c269be448f,Nexus Systems,Alex Johnson,nexus.systems@example.com,2011-09-24
8fa608b2-9c2a-4a85-b8c9-c359841f50b0,Vertex Solutions,Jamie Brown,vertex.solutions@enterprise.local,2009-04-25
8bb6a259-328c-44eb-aa91-136a255e4471,Omni Solutions,Alex Davis,omni.solutions@enterprise.local,2025-08-02
c3ed8020-8a33-4288-a097-0c38125d7953,Vertex Inc,Riley Wilson,vertex.inc@business.io,2024-02-11
cfada1bd-56e5-4361-9ff4-e0252040f60d,Vertex LLC,Taylor Lee,vertex.llc@example.com,2009-04-24
538ada81-b0e7-453b-a4cc-8e8d0d704afb,Apex Systems,Alex Martinez,apex.systems@example.com,2009-02-14
c1df9583-2856-4e28-8abc-0db33fef1607,Apex Solutions,Drew Wilson,apex.solutions@example.com,2009-04-10
ba7ef2b3-3d31-4f1b-9568-4e152e1f9668,Apex Corp,Jordan Johnson,apex.corp@business.io,2009-07-10
776a1243-db89-4094-9a19-5239ff01cb44,Nexus LLC,Riley Johnson,nexus.llc@business.io,2013-07-09
26981024-de56-4865-a19e-e9509d3cfa33,Apex Systems,Alex Anderson,apex.systems@example.com,2017-05-27
b387aa80-3d24-449d-ac2b-2dc1a00155ce,Nexus Systems,Cameron Wilson,nexus.systems@enterprise.local,2013-11-06
d793b103-005f-488d-8d9d-a583f14f847f,Omni Inc,Taylor Lee,omni.inc@enterprise.local,2010-12-08
04677591-446a-4a41-a80f-07b481760675,Nexus Inc,Jamie Martinez,nexus.inc@example.com,2008-03-17
8e7ec55e-926e-4ba8-91e5-e7763e6bb887,Vertex Systems,Cameron Johnson,vertex.systems@example.com,2020-01-22
7319e30b-36d9-43ba-b01c-f3f3c8faa86b,Omni Systems,Morgan Smith,omni.systems@enterprise.local,2009-07-17
79d802c4-4a7c-47f1-90d8-f050d0dd6c05,Omni Inc,Morgan Smith,omni.inc@enterprise.local,2020-03-08
0ad03d9a-405f-47cb-8631-db88ab9c673a,Nexus Inc,Cameron Wilson,nexus.inc@example.com,2022-12-24
9a276552-d57c-4a66-a3d9-a573a290127f,Apex Inc,Sam Smith,apex.inc@enterprise.local,2010-08-03
c47f0798-47d7-456e-81f8-00267518d460,Acme Systems,Jordan Lee,acme.systems@enterprise.local,2021-07-25
fc4ca1fa-bf90-4514-b11d-32470052cb94,Omni Inc,Taylor Lee,omni.inc@business.io,2018-12-16
28063d33-6eea-4069-a129-fc095e40ee75,Pioneer Corp,Sam Davis,pioneer.corp@enterprise.local,2008-12-27
